Korean (ko),Positive,Negative
버리다,0,1
버려진,0,1
포기,0,1
아바,1,0
유괴,0,1
이상한,0,1
수차,0,1
싫어하다,0,1
혐오스러운,0,1
능력,1,0
비열한,0,1
비정상적인,0,1
폐하다,0,1
폐지,0,1
가증스러운,0,1
질색,0,1
중단하다,0,1
유산,0,1
불완전한,0,1
연마,0,1
폐지하다,0,1
농양,0,1
부재,0,1
없는,0,1
부재자,0,1
장기결석,0,1
순수한,1,0
사면,1,0
흡수된,1,0
불합리한,0,1
부조리,0,1
풍부한,1,0
남용,0,1
최악의,0,1
심연,0,1
학생,1,0
학원,1,0
수용가능한,1,0
수락,1,0
얻기쉬운,1,0
사고,0,1
우연한,0,1
영예,1,0
적응,1,0
반주,1,0
달하다,1,0
뛰어난,1,0
성취,1,0
일치,1,0
책임,1,0
책임감있는,1,0
공인된,1,0
정확한,1,0
저주받은,0,1
고발,0,1
대격,0,1
고발당한,0,1
고발인,0,1
비난하는,0,1
에이스,1,0
아픔,0,1
이루다,1,0
아프다,0,1
산,0,1
승인,1,0
얻다,1,0
취득,1,0
곡예사,1,0
동작,1,0
실행가능한,0,1
실제의,1,0
날카로움,1,0
예리함,1,0
개조하다,1,0
적응할수있는,1,0
가산기,0,1
탐닉,0,1
구애,1,0
지방,0,1
판결하다,0,1
부가어,1,0
훌륭한,1,0
해군대장,1,0
감탄,1,0
감탄하다,1,0
숭배자,1,0
허용할만한,1,0
훈계,0,1
홀딱반할만한,1,0
동경,1,0
경앙하다,1,0
떠돌아,0,1
불량,0,1
간통,0,1
전진,1,0
많은,1,0
진보,1,0
이점,1,0
유리한,1,0
출현,1,0
모험,1,0
모험심이많은,1,0
적,0,1
불리한,0,1
역경,0,1
타당한,1,0
권하다,1,0
고문,1,0
옹호,1,0
심미적인,1,0
미학,1,0
상냥한,1,0
애정,1,0
계열사,1,0
긍정하다,1,0
확언,1,0
긍정의,1,0
괴롭히다,0,1
괴로워하는,0,1
고통,0,1
풍족한,1,0
여유가있다,1,0
모욕,0,1
두려워하는,0,1
여파,0,1
뒷맛,0,1
악화된,0,1
악화시키는,0,1
악화,0,1
침략,0,1
적극적인,0,1
침략자,0,1
깜짝놀라,0,1
기민한,1,0
민첩,1,0
흥분한,0,1
동요,0,1
고뇌하는,0,1
고뇌,0,1
동의하다,1,0
기분좋은,1,0
동의했다,1,0
협정,1,0
농업,1,0
좌회전하다,0,1
앞으로,1,0
도움,1,0
원조,1,0
병든,0,1
목적없는,0,1
바람을피우다,0,1
설화석고,1,0
경보,0,1
놀라운,0,1
대주,0,1
외계인,0,1
소외시키다,0,1
소외된,0,1
소원,0,1
별거수당,0,1
살아있는,1,0
어레인지,1,0
진술,0,1
주장하다,0,1
충성,1,0
알레그로,1,0
덜다,1,0
경감,1,0
결연한,1,0
허용되는,1,0
매력,1,0
고혹적인,1,0
동맹국,1,0
전능자,1,0
알로하,1,0
쌀쌀한,0,1
언쟁,0,1
놀랍게도,1,0
대사,1,0
모호한,0,1
큰뜻,1,0
매복,0,1
개량하다,1,0
아멘,1,0
받을수있는,1,0
고치다,1,0
보상,1,0
예의,1,0
붙임성있는,1,0
우호적인,1,0
기억력상실,0,1
특사,1,0
암페타민,0,1
즐겁게하다,1,0
즐기는,1,0
즐거움,1,0
아나콘다,0,1
항문,0,1
분석자,1,0
무정부주의,0,1
무정부주의자,0,1
무정부상태,0,1
저주,0,1
닻,1,0
앵커리지,1,0
고대의,0,1
천사,1,0
천사의,1,0
분노,0,1
협심증,0,1
낚시,0,1
성난,0,1
격통,0,1
생명있는,1,0
생기있는,1,0
악의,0,1
적의,0,1
억누르다,0,1
멸종된,0,1
전멸,0,1
성가심,0,1
성가신,0,1
무효화하다,0,1
무효선언,0,1
변칙,0,1
익명의,0,1
반대,0,1
길항근,0,1
적대적인,0,1
탄저병,0,1
항생제,1,0
적그리스도,0,1
해독제,1,0
항진균성의,1,0
반감,0,1
구식의,0,1
고대미술,1,0
방부제,1,0
반사회적인,0,1
대조법,0,1
걱정,0,1
불안한,0,1
아파치,0,1
냉담한,0,1
냉담,0,1
진딧물,0,1
수직,1,0
사과하는,1,0
사과하다,1,0
사과,1,0
사도,1,0
질리는,0,1
충수염,0,1
박수갈채,1,0
감사,1,0
우려,0,1
걱정스러운,0,1
허가,1,0
인가,0,1
승인하다,1,0
승인하는,1,0
적절한,1,0
적성,1,0
고고학,1,0
고풍의,0,1
열정,1,0
어려운,0,1
논하다,0,1
논의,0,1
논증의,0,1
건조한,0,1
귀족,1,0
귀족의,1,0
갑옷,1,0
방향,1,0
깨우다,1,0
죄상인부,0,1
정렬,1,0
미불,0,1
체포,0,1
거만,0,1
거만한,0,1
비소,0,1
방화,0,1
미술,1,0
명확히하다,1,0
관절,1,0
포,0,1
장인,1,0
예술적,1,0
우세,1,0
오르막,1,0
금연건강증진협회,0,1
부끄러워,0,1
재,0,1
포부,1,0
열망하는,1,0
나귀,0,1
공격하다,0,1
공격자,0,1
암살자,0,1
암살하다,0,1
암살,0,1
폭행,0,1
어셈블리,1,0
동의,1,0
주장하는,1,0
자산,1,0
돕다,1,0
보조,1,0
동무,1,0
견디다,1,0
보증,1,0
자신있는,1,0
타락한,0,1
수렴성,0,1
점성가,1,0
우주비행사,1,0
천문학자,1,0
보호시설,0,1
무신론,0,1
죽상경화증,0,1
육상경기선수,1,0
운동,1,0
원자,1,0
속죄하다,1,0
극악한,0,1
포악,0,1
위축,0,1
공격,0,1
공격의,0,1
이를수있는,1,0
달성,1,0
참석자,1,0
주의,1,0
친절한,1,0
약화된,0,1
감쇠,0,1
증언하다,1,0
변호사,1,0
끌어당김,1,0
대담,0,1
증강제,1,0
팔월,1,0
이모,1,0
영기,1,0
길조,1,0
남풍,0,1
내핍생활,0,1
진정한,1,0
확실성,1,0
저자,1,0
권위있는,1,0
권위,1,0
권한부여,1,0
인정받은,1,0
독재적인,0,1
검시,0,1
눈사태,0,1
탐욕,0,1
화신,1,0
복수자,0,1
회피,0,1
혐오,0,1
기피,0,1
장학금,1,0
무서운,0,1
어색함,0,1
틀려서,0,1
찬성,1,0
떠드는소리,0,1
졸졸흐르는,0,1
비비,0,1
아가,1,0
학사학위,1,0
등뼈,1,0
지적부진,0,1
박테리아,0,1
나쁜,0,1
오소리,0,1
나쁜상태,0,1
집행관,0,1
미끼,0,1
밸런스,1,0
균형이잡힌,1,0
곤포,0,1
놓치다,0,1
민요,1,0
발레,1,0
투표권,1,0
봉숭아,1,0
적기,0,1
독,0,1
쾅,0,1
소시지,0,1
덜어없애다,0,1
추방된,0,1
추방,0,1
파산자,0,1
파산,0,1
연회,1,0
반시,0,1
세례,1,0
침례의,1,0
미늘,0,1
야만인,0,1
야만인같은,0,1
음유시인,1,0
싸게사는물건,1,0
나무껍질,0,1
가두어버린,0,1
메마른,0,1
바리케이드,0,1
장벽,0,1
근거가없는,0,1
농구,1,0
잡종,0,1
능보,1,0
목욕,1,0
반죽,0,1
오래써서낡은,0,1
배터리,0,1
전투,0,1
싸우다,0,1
싸움터,0,1
음담,0,1
총검,0,1
빔,1,0
빛나는,1,0
교군꾼,0,1
짐승,0,1
짐승같은,0,1
고동,0,1
아름다움,1,0
아름답게하다,1,0
근본적인,1,0
맥주,1,0
빌다,0,1
거지,0,1
구걸,0,1
거대한짐승,0,1
보라,0,1
때늦은,0,1
믿는,1,0
얕보다,0,1
교전국,0,1
벨트,0,1
다리,0,1
유익한,1,0
자비심,1,0
온화한,1,0
잃은,0,1
여읨,0,1
여읜,0,1
맹렬한,0,1
팔다,0,1
배신,0,1
약혼자,1,0
개량,1,0
마실것,1,0
조심성있는,0,1
바이어스,0,1
치우친,0,1
성경의,1,0
말다툼하는,0,1
뱃머리,0,1
편견없는,0,1
담즙,0,1
이중언어,1,0
생검,0,1
자작나무,0,1
출생,1,0
생일,1,0
출생지,0,1
암캐,0,1
물다,0,1
몹시,0,1
신랄,0,1
기괴한,0,1
검은,0,1
약탈,0,1
검음,0,1
비난,0,1
죄없는,1,0
불경스러운,0,1
신성모독,0,1
쏘다,0,1
떠들썩한,0,1
더러워진,0,1
불꽃,0,1
차가운,0,1
출혈,0,1
흠,0,1
신을하다,1,0
축복받은,1,0
축복,1,0
마름병,0,1
황폐한,0,1
블라인드,0,1
맹목적인,0,1
맹목적으로,0,1
맹목,0,1
다시없는기쁨,1,0
더없이행복한,1,0
물집,0,1
부푼,0,1
얼룩,0,1
봉쇄,0,1
핏기없는,1,0
유혈,0,1
피에굶주린,0,1
피의,0,1
꽃,1,0
부는사람,0,1
분출,0,1
블루스,0,1
절벽,0,1
큰실수,0,1
흐림,0,1
희미한,0,1
붉히다,0,1
자랑하는,0,1
친위대,1,0
변소,0,1
가짜,0,1
종기,0,1
상용구,0,1
받침,1,0
폭탄,0,1
충격,0,1
폭격당한,0,1
대성공,1,0
속박,0,1
채권,0,1
보너스,1,0
우우,0,1
책을쓴,1,0
서점,1,0
혜택,1,0
술,0,1
지루함,0,1
지루한,0,1
빌어쓰는사람,0,1
귀찮음,0,1
괴롭히는,0,1
바닥,0,1
하사품,1,0
꽃다발,1,0
합,0,1
소,0,1
소년,0,1
보이콧,0,1
자랑거리,0,1
두뇌,1,0
브랜디,0,1
허세,0,1
용감,1,0
말다툼,0,1
단단한,0,1
위반,0,1
고장,0,1
아침식사,1,0
뇌물,0,1
수회,0,1
신부,1,0
신랑,1,0
신부들러리,1,0
여단,0,1
닦다,1,0
명도,1,0
유황,0,1
억센털,0,1
현측,0,1
방직,1,0
굽다,0,1
파산하다,0,1
부서진,0,1
매음굴,0,1
동료,1,0
형제간,1,0
타박상,0,1
정면의,0,1
잔인한,0,1
야만성,0,1
뷔페,0,1
곤충,0,1
짓다,1,0
건물,1,0
구근의,0,1
불독,1,0
방탄의,1,0
약한자를괴롭히는사람,0,1
부랑자,0,1
버머,0,1
부표,1,0
짐이많은,0,1
관료,0,1
강도,0,1
강도질,0,1
매장,0,1
묻힌,0,1
버크,0,1
탄,0,1
키스,1,0
체포된,0,1
푸주한,0,1
집사,1,0
대상,0,1
버터같은,1,0
버저소리,1,0
윙윙거리다,0,1
택시,1,0
음모,0,1
내각,1,0
불협화음,0,1
치사한사람,0,1
시체,0,1
카페,1,0
계산,0,1
계산자,1,0
송아지,1,0
전화,0,1
고요한,1,0
선거운동,0,1
카나리아,1,0
취소,0,1
암,0,1
솔직한,1,0
후보자,1,0
굳어진,1,0
구강궤양,0,1
식인종,0,1
식인풍습,0,1
자본가,1,0
선장,1,0
사로잡다,1,0
매혹적인,1,0
포로,0,1
체포자,0,1
포착,0,1
암종,0,1
심근병증,0,1
직업,1,0
꼼꼼한,1,0
면밀히,1,0
부주의,0,1
애무,1,0
돌보는사람,1,0
풍자만화,0,1
카리에스,0,1
대학살,0,1
육체의,0,1
육식성의,0,1
카르텔,0,1
종속,1,0
케이스,0,1
현금,1,0
작은상자,0,1
카스트,0,1
사상자수,0,1
백내장,0,1
대단원,0,1
범주형의,1,0
네끗패,1,0
하제,1,0
성당,1,0
카테터,0,1
조심성있게,1,0
양을치다,0,1
유명한,1,0
축하,1,0
중국인,1,0
묘지,0,1
검열,0,1
센터,1,0
백부장,1,0
대뇌의,1,0
의식,1,0
운,0,1
왕겨,0,1
마찰음,0,1
억울함,0,1
의장,1,0
여자의장,1,0
도전,0,1
챔피언,1,0
성가,1,0
혼돈,0,1
혼란스러운,0,1
제스처게임,0,1
청구할수있는,0,1
충전기,1,0
자비로운,1,0
자선,1,0
매력적인,1,0
추적,0,1
응징,0,1
순결,1,0
채터링,1,0
수다스러운,0,1
싼,0,1
사기,0,1
체크리스트,1,0
격려,1,0
쾌활한,1,0
쾌활함,1,0
응원,1,0
치즈케잌,0,1
화학자,1,0
소중히하다,1,0
체리,1,0
발뺌,0,1
지도자,1,0
어린이,1,0
어린시절,1,0
어린애같은,0,1
짹짹,1,0
속이다,1,0
기사도,1,0
클로로포름,0,1
초콜릿,1,0
선택,1,0
성가대,1,0
초크,0,1
콜레라,0,1
촙,0,1
합창,1,0
하기싫은일,0,1
선택된,1,0
잡탕요리,1,0
만성병환자,0,1
킬킬웃음,1,0
교회에,1,0
사과주,1,0
담배,0,1
할례,1,0
시민,1,0
예의바른,1,0
정중,1,0
문명,1,0
투시력이강한,1,0
외치다,0,1
박수,1,0
밝히다,1,0
고전,1,0
나누다,1,0
갈고리발톱,0,1
깨끗한,1,0
청소,1,0
청결,1,0
깨끗하게,1,0
씻어깨끗이하다,1,0
클렌징,1,0
재고정리,1,0
명료도,1,0
목사,1,0
영리한,1,0
영리,1,0
클라이맥스,1,0
회랑,0,1
폐쇄,1,0
흐리게,0,1
시골뜨기,1,0
덩어리,0,1
모양없는,0,1
연합,1,0
연안,1,0
코카인,0,1
억압하다,0,1
강제,0,1
공존하다,1,0
관,0,1
원저하다,1,0
인지적,1,0
통일,1,0
일관된,1,0
결합력있는,1,0
감기,0,1
춥게,0,1
추위,0,1
복통,0,1
무너짐,0,1
공동으로,1,0
공모,0,1
대령,1,0
거대한,1,0
혼수,0,1
기운없이졸리는,0,1
전투원,0,1
싸우는,0,1
위로,1,0
사령관,1,0
당당한,1,0
기념하다,1,0
기념,1,0
기념품,1,0
기리다,1,0
시사해설자,1,0
인도,0,1
저지른,1,0
준장,1,0
연방,1,0
소통하다,1,0
의사소통하는,1,0
친교,1,0
공산주의,0,1
공산주의자,0,1
커뮤니티,1,0
정류,1,0
갈다,1,0
동반자,1,0
측은히여김,1,0
인정많은,1,0
적합성,1,0
호환가능한,1,0
강요하는,1,0
보상하다,1,0
보상의,1,0
경쟁,0,1
자기만족,1,0
불평하다,0,1
불평,0,1
보어,1,0
보완적인,1,0
완전히,1,0
완전성,1,0
완료,1,0
완성,1,0
복잡성,0,1
응낙,1,0
준수하는,1,0
복잡하게하다,0,1
복잡,0,1
구성된,1,0
작곡가,1,0
퇴비,0,1
침착,1,0
이해하다,1,0
포괄적인,1,0
의무적인,0,1
숨기다,0,1
숨기는,0,1
은폐,0,1
자만,0,1
자만심이강한,0,1
동심의,1,0
화해,1,0
결론,1,0
진동,0,1
비난하다,0,1
경멸하는,0,1
겸손,0,1
조위,1,0
용서하다,1,0
도움이되는,1,0
전도도,1,0
동류,1,0
고백,0,1
자신,1,0
자신감,1,0
갇힌,0,1
제한,0,1
압수하다,0,1
몰수,0,1
큰화재,0,1
서로싸우는,0,1
당황케하다,0,1
휘두르다,0,1
혼동,0,1
충혈,0,1
축하의,1,0
회중,1,0
마법의,0,1
감정가,1,0
정복,0,1
양심,1,0
양심적인,1,0
헌신,1,0
보존,1,0
사려깊은,1,0
일관성,1,0
콘솔,1,0
자음,1,0
공모자,0,1
공모하다,0,1
불변,1,0
일정한,1,0
깜짝놀람,0,1
변비,0,1
헌법상의,1,0
제한된,0,1
접촉,1,0
전염병,0,1
전염성이있는,0,1
오염시키다,0,1
더럽히는,0,1
오염,0,1
묵상,1,0
경멸,0,1
경멸적인,0,1
함유량,1,0
논쟁의,0,1
윤곽,1,0
흑인노예,0,1
옹졸한,0,1
모순된,0,1
모순,0,1
반대로,0,1
대조되는,0,1
반칙하다,0,1
기여하다,1,0
기부자,1,0
논쟁의여지가있는,0,1
논쟁,0,1
편의,1,0
편리한,1,0
수도원,1,0
협약,1,0
밝은,1,0
이야기잘하는,1,0
변하게하다,1,0
죄수,0,1
신념,0,1
납득시키다,1,0
시원함,1,0
비좁고갑갑한곳,0,1
협력,1,0
협력하는,1,0
협력적인,1,0
부,0,1
모방자,0,1
핵심,1,0
대관식,1,0
검시관,0,1
상등병,0,1
법인,1,0
보정,0,1
시정의,1,0
확증하다,1,0
부식,0,1
신랄한,0,1
부정한,0,1
부패하는,0,1
부패,0,1
세계적인,1,0
기침,0,1
이사회,1,0
참사관,0,1
카운트,1,0
백작부인,1,0
용기,1,0
용기있는,1,0
코스닝,0,1
탐내다,0,1
겁쟁이,0,1
비겁,0,1
비겁한,0,1
게같은,0,1
갈라진금,0,1
깨진,0,1
열분해,0,1
요람,1,0
선박,1,0
쥐,0,1
비좁은,0,1
크랭크,0,1
까다로운,0,1
쓰레기,0,1
추락,0,1
포복,0,1
미친,0,1
삐걱거리는,0,1
크림,1,0
몹시떠들어대다,1,0
창조적인,1,0
생물,0,1
신용,1,0
신임장,1,0
믿을수있음,1,0
신뢰할수있는,1,0
신용된,1,0
기다,0,1
진전,1,0
범죄,0,1
범죄자,0,1
움츠러들게하다,0,1
불구자,0,1
불구가된,0,1
위기,0,1
비평가,0,1
비판,0,1
흠잡다,0,1
비평,1,0
구부러진갈고리,0,1
십자가,0,1
웅크리는,0,1
더할나위없는,1,0
결정적인,1,0
십자형,0,1
큰시련,0,1
조잡한,0,1
잔인하게,0,1
잔학,0,1
부서지기쉬운,0,1
결정적시기,0,1
개혁운동,0,1
밀어넣는,0,1
눌러터뜨리는,0,1
피각질의,0,1
울음소리,0,1
외치는,0,1
토굴,0,1
결정,1,0
오만한,0,1
뻐꾸기,0,1
포옹,1,0
요리의,1,0
따다,0,1
최고점,1,0
과실있는,0,1
숭배,0,1
기르다,1,0
교양있는,1,0
경작,1,0
문화,1,0
똥개,0,1
치료할수있는,1,0
호기심,1,0
컬,1,0
서두르는,0,1
방석,1,0
귀엽다,1,0
커터,0,1
치열한,0,1
나트륨,0,1
집진장치,0,1
낭종,0,1
거대세포바이러스,0,1
애도하는,0,1
악마,0,1
어리석은,0,1
단검,0,1
손해,0,1
여자,1,0
조금도,0,1
댐퍼,0,1
댄스,1,0
비듬,0,1
멋쟁이,0,1
위험,0,1
위험한,0,1
어둡게하다,0,1
어두워진,0,1
어둠,0,1
가장사랑하는,1,0
대시의,0,1
위세당당한,1,0
딸,1,0
새벽,1,0
현혹된,0,1
비활성화하다,0,1
이중자물쇠,0,1
치명적인,0,1
귀가먹은,0,1
거래,1,0
소중한,1,0
죽음,0,1
와해,0,1
방탕,0,1
부스러기,0,1
빚,0,1
채무자,0,1
부패한,0,1
고인,0,1
책략,0,1
속이는,0,1
속은,0,1
예절바름,1,0
어지간한,1,0
기만,0,1
선언적,1,0
기움,0,1
쇠퇴,0,1
쇠퇴하는,0,1
분해,0,1
낡아빠진,0,1
봉납,1,0
빼다,0,1
중상,0,1
명예훼손적인,0,1
태만,0,1
패배,0,1
패배한,0,1
결함,0,1
결함있는,0,1
지키다,1,0
변호받은,1,0
방어자,1,0
방어,1,0
방비없는,0,1
복종,1,0
도전적인,0,1
꺾다,0,1
수축,0,1
추하게하다,0,1
변형된,0,1
기형,0,1
없어져버린,0,1
무시하다,0,1
퇴화,0,1
퇴화시키다,0,1
하락,0,1
저하시키다,0,1
퇴화하는,0,1
정도,1,0
지연,0,1
즐거운,1,0
대리자,1,0
해로운,0,1
삭제,0,1
신중한,1,0
맛있는,1,0
기쁨,1,0
기쁜,1,0
매우기쁜,1,0
과실,0,1
연체의,0,1
헛소리하는,0,1
섬망상태,0,1
구출,1,0
배달,1,0
대홍수,0,1
미혹,0,1
망상적인,0,1
수요,0,1
요구하는,0,1
백치,0,1
권리양도,0,1
민주주의,1,0
헐다,0,1
파괴,0,1
악마같은,0,1
증명할수있는,1,0
분명히나타내는,1,0
사기를꺾은,0,1
부정,0,1
부정하다,0,1
죽은,0,1
출발,0,1
의존,0,1
탄탄한,0,1
비탄하다,0,1
추방하다,0,1
타락,0,1
감가상각된,0,1
감가상각,0,1
내리누르다,0,1
우울한,0,1
우울증,0,1
박탈,0,1
깊이,1,0
엉망이된,0,1
비웃음,0,1
감손,0,1
기술적인,1,0
사막,0,1
황폐,0,1
받을만하다,1,0
당연한,1,0
디자이너,1,0
바람직한,1,0
욕망,1,0
원하는,1,0
~을벗어나는,0,1
쓸쓸함,0,1
절망,0,1
절망적인,0,1
필사적인,0,1
전제국,0,1
목적지,1,0
난민,0,1
의해파괴됨,0,1
파괴자,0,1
파괴하는,0,1
파괴적인,0,1
분리,0,1
구금,0,1
억류자,0,1
탐지하다,1,0
발각,1,0
구류,0,1
악화되다,0,1
결심,1,0
결정된,1,0
폭파하다,0,1
떨어지다,0,1
상해,0,1
암설,0,1
파괴하다,0,1
지독한,0,1
폐허,0,1
나타나게하다,1,0
멀리돌아가는,0,1
상전,0,1
경건의,1,0
삼키다,0,1
독실한,1,0
재치,1,0
진단,0,1
다이아몬드,1,0
일기,1,0
독재자,0,1
절대권,0,1
사전,1,0
남을가르치고싶어하는,1,0
식이요법,1,0
어려움,0,1
위엄있는,1,0
존엄,1,0
낡은,0,1
근민,1,0
묽게한,0,1
줄다,0,1
점감된,0,1
공식만찬,1,0
외교,1,0
외교의,1,0
감독,1,0
더러운,0,1
무능,0,1
무능하게하다,0,1
장애인,0,1
불만을품은,0,1
동의하지않는다,0,1
의견이맞지않는,0,1
불쾌한일,0,1
허용되지않는,0,1
어긋나게하다,0,1
실망한,0,1
실망시키는,0,1
실망,0,1
난색,0,1
안된다고하다,0,1
비승인된,0,1
재앙,0,1
비참한,0,1
믿지않다,0,1
버림,0,1
방출,0,1
징계,0,1
변색,0,1
변색된,0,1
불쾌,0,1
연결해제,0,1
연결이끊긴,0,1
불만,0,1
불연속,0,1
불일치,0,1
낙심시키다,0,1
낙담,0,1
발견,1,0
신중,1,0
임의의,1,0
차별하다,0,1
차별하는,0,1
차별,0,1
토론,1,0
경멸감,0,1
질병,0,1
체념이없는,0,1
해방,0,1
모양이변형된,0,1
불명예,0,1
불명예스러운,0,1
싫음,0,1
역겨운,0,1
낙심한,0,1
부정직,0,1
환멸,0,1
소독,1,0
그릇된정보,0,1
사심없는,0,1
싫어함,0,1
싫어하는,0,1
탈구된,0,1
음침한,0,1
해임,0,1
불순종,0,1
불순종한,0,1
좇지않다,0,1
무질서,0,1
무질서한,0,1
해체된,0,1
비하하는,0,1
상이,0,1
냉정한,0,1
불식시키다,0,1
분산,0,1
바꾸어놓다,0,1
처분,0,1
처분된,1,0
떼어놓은,0,1
분쟁,0,1
자격박탈,0,1
실격된,0,1
자격을박탈하다,0,1
무시,0,1
보기싫은,0,1
무례,0,1
무례한,0,1
붕괴,0,1
보급하다,1,0
불화,0,1
반대의견,0,1
해,0,1
반체제의,0,1
해산,0,1
싫증,0,1
맛없는,0,1
증류,1,0
구별,1,0
비뚤어진,0,1
왜곡,0,1
산만,0,1
산만하게하는,0,1
기분전환,0,1
고민하는,0,1
방해,0,1
방해받은,0,1
쓰지않음,0,1
사용하지않는,0,1
소곡,1,0
다양화된,1,0
전환,1,0
매각된,0,1
신학,1,0
이혼,0,1
현기증,0,1
핑,0,1
도킹된,0,1
의사,1,0
행위자,1,0
완고한,1,0
답답한,0,1
시주,0,1
돌고래,1,0
우성,0,1
지배,0,1
님,1,0
기부,1,0
당나귀,0,1
낙서,0,1
운명의,0,1
최후의심판의날,0,1
의심,0,1
의심없는,1,0
주수,0,1
음울한,0,1
비둘기,1,0
몰락,0,1
마음놓을수없는,1,0
단조로운,0,1
약점,0,1
공포,0,1
끔찍하게,0,1
황량한,0,1
군침,0,1
무인비행기,0,1
하수,0,1
가뭄,0,1
안들리게하다,0,1
졸음,0,1
천역,0,1
술취한,0,1
술취함,0,1
이중주,1,0
공작,1,0
둔한,0,1
우둔한,0,1
더미,0,1
우울,0,1
암갈색,0,1
지하감옥,0,1
잘속는사람,0,1
내구성,1,0
튼튼한,1,0
협박,0,1
먼지,0,1
왜소합니까?,0,1
사망,0,1
이질,0,1
심한,1,0
열의,1,0
백작,1,0
벌다,1,0
진지한,1,0
진지하게,1,0
지진,0,1
용이함,1,0
지역권,1,0
먹다,1,0
도청,0,1
엑스터시,1,0
황홀한,1,0
교화,1,0
교육받은,1,0
교육적인,1,0
여자같은,0,1
효능,1,0
능률,1,0
실력있는,1,0
노력,1,0
악명높은,0,1
사정,1,0
꺼내다,0,1
의기양양한,1,0
장로,1,0
연상,1,0
전기같은,1,0
우아,1,0
높이,1,0
자격이되는,1,0
엘리트,1,0
웅변,1,0
웅변의,1,0
명료하게하다,1,0
쇠약해진,0,1
난처하게하다,0,1
창피한,0,1
도용,0,1
색전증,0,1
휩쓸어넣는,0,1
비상사태,0,1
명예,1,0
저명,1,0
감정이입,1,0
능력을키우다,1,0
에뮬레이트하다,1,0
가능하게하다,1,0
인에이블먼트,1,0
호리다,1,0
마법에걸린,1,0
고립시키다,0,1
북돋우다,1,0
잠식,0,1
방해물,0,1
백과사전,1,0
위태롭게,0,1
멸종위기에놓인,0,1
풍토병,0,1
부여하다,1,0
기증받은,1,0
자질,1,0
지구력,1,0
정력적인,1,0
시행,0,1
높이다,1,0
수수께끼같은,0,1
즐겨,1,0
계발,1,0
활기있게만들다,1,0
증오,0,1
앙상블,1,0
소위,1,0
노예화,0,1
예속된,0,1
빠뜨리는,0,1
녹채,0,1
진취적인,1,0
즐겁게한,1,0
재미있는,1,0
환대,1,0
열성가,1,0
내장,0,1
부러워하는,0,1
천체력,1,0
서사시,1,0
간질,0,1
발췌,1,0
평등,1,0
같이,1,0
공평,1,0
근절하다,0,1
근절,0,1
잘못하다,0,1
심부름,1,0
잘못된,0,1
이상한사람,0,1
오자,0,1
오류,0,1
학식있는,1,0
차츰오르다,0,1
피하다,0,1
스파이활동,0,1
정신,1,0
본질적인,1,0
설립된,1,0
존중,1,0
소원이없는,0,1
윤리적인,1,0
윤리학,1,0
안락사,0,1
비우다,0,1
소개,0,1
상록수,1,0
영구,1,0
축출하다,0,1
축출,0,1
분명한,1,0
악,0,1
진화,1,0
더욱심하게하다,0,1
격화,0,1
힘든,0,1
과장하다,0,1
과장된,0,1
항진,1,0
고귀한,1,0
격분,0,1
발굴,0,1
넘다,1,0
뛰어나다,1,0
우수,1,0
우수한,1,0
초과,0,1
교환,1,0
국내소비세,0,1
흥분되는,1,0
자극,1,0
흥분,1,0
흥미진진한,1,0
제외된,0,1
...을제외한,0,1
제외,0,1
배설물,0,1
고문받는,0,1
변명,0,1
실행,0,1
실행자,0,1
전형적인,1,0
면제,1,0
배출,0,1
지친,0,1
피로,0,1
간곡히타이르다,1,0
교회,1,0
망명,0,1
존재,1,0
귀신쫓아내기,0,1
이국적인,1,0
국외추방자,0,1
배고있다,1,0
원정,1,0
내쫓다,0,1
지출,0,1
경비,0,1
경험있는,1,0
전문가,1,0
전문적지식,1,0
만료된,0,1
조어,0,1
터지다,0,1
폭발물,0,1
드러난,0,1
수용,0,1
제명,0,1
절묘한,1,0
정교하게,1,0
광범위한,1,0
절멸시키다,0,1
구제,0,1
꺼진,0,1
끄다,0,1
특별한,1,0
말단,0,1
구해내다,1,0
충일,1,0
만들다,0,1
제작,0,1
용이하게하다,1,0
사리,1,0
학부,1,0
바래다,0,1
찌끼,0,1
기절,0,1
꽤,1,0
신앙,1,0
충실한,1,0
모조품,0,1
그릇된,0,1
그릇된생각,0,1
오류가있는,0,1
떨어지는,0,1
휴경지,0,1
거짓말,0,1
거짓으로,0,1
위조,0,1
위조하다,0,1
허위,0,1
비틀거리다,0,1
정통,1,0
기근,0,1
뛰어나게,1,0
광신자,0,1
과시,1,0
소극,0,1
어색한,0,1
매혹,1,0
유행의,1,0
금식,0,1
숙명,0,1
피곤한,0,1
지방이많은,0,1
결점,0,1
결점없는,1,0
특히잘하는,1,0
편애,1,0
엷은황갈색,0,1
무서움,0,1
두려워,0,1
용감한,1,0
위업,1,0
특색,1,0
열이있는,0,1
대변,0,1
보수,0,1
위증된,0,1
지복,1,0
되다,0,1
사람,1,0
표저,0,1
중죄,0,1
효소,0,1
사나운,0,1
사나움,0,1
비옥한,1,0
열렬,1,0
제전,1,0
축제의,1,0
봉건적인,0,1
봉건제도,0,1
악의없는거짓말,0,1
허구의,0,1
충실도,1,0
축제,1,0
싸움,0,1
해적,0,1
오물,0,1
불결한,0,1
마침내,1,0
미복,1,0
피네스,1,0
총기류,0,1
화구,1,0
내화성의,1,0
견고,1,0
맞다,0,1
입어보기,1,0
고정물,1,0
연약한,0,1
이가미끄러운,0,1
포석포장,0,1
플레이크,0,1
플랩,0,1
유망한,1,0
공허,0,1
과시하다,0,1
벼룩,0,1
양털,0,1
살의,0,1
적응성,1,0
꽁무니빼다,0,1
꽃무늬의,1,0
가자미,0,1
화려한,1,0
독감,0,1
파동,0,1
플러시,1,0
나는,1,0
좌절한,0,1
어리석은행동,0,1
기호,1,0
식품,1,0
바보,0,1
어리석음,0,1
축구,1,0
인내,1,0
금지된,0,1
힘,0,1
강요된,0,1
억지로,0,1
예언,0,1
배제하다,0,1
조부,1,0
앞에가다,0,1
외국의,0,1
외국인,0,1
십장,1,0
선구자,1,0
예견하다,1,0
예견된,1,0
선견,1,0
미리경고한,0,1
몰수된,0,1
상실,0,1
단조공장,1,0
잊다,0,1
용서받은,1,0
용서를주는,1,0
잊혀진,0,1
고독한,0,1
조형의,1,0
무형의,0,1
공식,1,0
간음,0,1
버림받은,0,1
확고히하다,1,0
꿋꿋함,1,0
운좋은,1,0
반칙,0,1
녹이다,1,0
골절,0,1
깨지기쉬운,0,1
향기로운,1,0
여림,0,1
솔직,1,0
굉장한,0,1
이란성,1,0
사기성의,0,1
충만한,0,1
닳은,0,1
자유,1,0
자유로이,1,0
동결,0,1
열광적인,0,1
광란의,0,1
프렛,0,1
친구,1,0
우정,1,0
친한,1,0
놀라다,0,1
깜짝놀란,0,1
몹시추운,0,1
유쾌한,1,0
천박한,0,1
장난치며놀다,1,0
동상,0,1
찌푸린얼굴,0,1
찌르는듯한,0,1
검소한,1,0
보람없는,0,1
좌절하다,0,1
좌절,0,1
퍼지,0,1
도망자,0,1
다하다,1,0
이행,1,0
충분히,1,0
어설프게다루다,0,1
연기가나는,0,1
장난,1,0
기본적인,1,0
진균류,0,1
펑키재즈,0,1
격렬한감격,0,1
격노,0,1
퓨즈,1,0
퓨전,1,0
효과없는,0,1
무용,0,1
개그,0,1
이득,1,0
얻는,1,0
교수대,0,1
많음,1,0
노름꾼,0,1
한떼,0,1
교도소,0,1
갭,0,1
찌꺼기,0,1
정원,1,0
번쩍거리는,0,1
석류석,1,0
고명,0,1
수비대,1,0
깊은상처,0,1
쓸쓸한,0,1
관보,1,0
기어,1,0
일반,1,0
관대,1,0
천재,1,0
신사,0,1
점잖은체하는,1,0
상냥함,1,0
상류사회,1,0
성실한,1,0
제라늄,1,0
노인병의,0,1
빈민가,0,1
아리송한,0,1
헛소리,0,1
선물,1,0
거인같은,1,0
도리,1,0
주는,1,0
빙하,0,1
현란한,0,1
말잘하는,0,1
활주,1,0
희미한빛,1,0
영화롭게하다,1,0
영광,1,0
광택,1,0
불타는듯한빛깔,1,0
과다,0,1
대식,0,1
고블린,0,1
하나님,1,0
경건한,0,1
신의선물,1,0
금,1,0
임질,0,1
끈적거리는,0,1
좋은,1,0
선량,1,0
친선,1,0
핏덩어리,0,1
협곡,0,1
고릴라,0,1
피투성이의,0,1
복음,1,0
통풍,0,1
통치하다,1,0
정부,0,1
그랩,0,1
은혜,1,0
공손한,1,0
자비로,1,0
눈금,1,0
손자,1,0
할머니,1,0
부여,1,0
부여된,1,0
붙잡는,0,1
비벼먹은,0,1
채우다,1,0
창살,0,1
묘,0,1
더큰,1,0
위대,1,0
욕심,0,1
탐욕스러운,0,1
녹색,1,0
사교적인,1,0
수류탄,0,1
고충,0,1
슬퍼하다,0,1
괴롭게하는,0,1
엄한,0,1
때,0,1
때로더럽혀진,0,1
이를드러내고웃다,1,0
소름끼치게하는,0,1
손목,1,0
모래,1,0
그리즐리,0,1
신음소리,0,1
그로테스크한,0,1
접지된,0,1
근거없는,0,1
자라다,1,0
으르렁거리는소리,0,1
성장,1,0
마지못해,0,1
소름끼치는,0,1
투덜대다,0,1
심술궂은,0,1
가드,1,0
보호자,1,0
후견,1,0
게릴라,0,1
지도,1,0
안내서,1,0
교활,0,1
기요틴,0,1
죄,0,1
갈매기,0,1
속기쉬운,0,1
총,0,1
찌르다,0,1
끈기,1,0
guzzling,0,1
체조선수,1,0
집시,0,1
서식지,1,0
추한노파,0,1
매서운,0,1
털이많은,0,1
건장한,1,0
중도,0,1
환각,0,1
고삐,0,1
족쇄,0,1
햄스트링,0,1
핸디캡,0,1
능숙한,1,0
교수형,0,1
교수형집행인,0,1
행복하게,1,0
행복,1,0
경화된,0,1
경도,0,1
고난,0,1
매춘부,0,1
조화롭게,1,0
조화,1,0
마음아픈,0,1
거친것,0,1
수확,1,0
해시시,0,1
급한,0,1
미움,0,1
증오심이많은,0,1
귀신이들린,0,1
큰파란,0,1
두통,0,1
치료,1,0
건강에좋은,1,0
건강한,1,0
듣기,0,1
풍문,0,1
영구차,0,1
심통,0,1
가슴앓이,0,1
진심어린,1,0
난로바닥,1,0
기운차게,1,0
무정한,0,1
이교도,0,1
천국같은,1,0
하늘,1,0
무겁게,0,1
힐,0,1
무게,1,0
흉악한,0,1
지옥,0,1
지옥같은,0,1
헬멧,1,0
돕는사람,1,0
어찌할수없는,0,1
무력감,0,1
치질,0,1
이교,0,1
남녀추니,0,1
영웅,1,0
과장된어조,1,0
헤로인,0,1
여걸,1,0
영웅적자질,1,0
수포진,0,1
헤르페스바이러스,0,1
주저,0,1
전성기,1,0
숨겨진,0,1
끔찍한,0,1
들뜬,1,0
환희,1,0
방해하는,0,1
히피,0,1
스음,0,1
치찰음,0,1
히트,0,1
쉰,0,1
하얗게된,0,1
취미,1,0
뜨내기노동자,0,1
돼지,0,1
휴일,1,0
신성한것,1,0
거룩한,1,0
경의,1,0
노숙자,0,1
향수병,0,1
살인,0,1
상동성,1,0
동성애,0,1
정직한,1,0
정직,1,0
꿀,1,0
신흔여행,1,0
영예로운,1,0
후드,0,1
부엉,0,1
희망이없는,0,1
가망없음,0,1
큰떼거리,0,1
수평선,1,0
무섭게,0,1
인질,0,1
반항,0,1
멀리서짖는소리,0,1
성냄,0,1
인간적,1,0
인도주의적,1,0
인류,1,0
겸손하게,1,0
협잡,0,1
창피하다,0,1
굴욕적인,0,1
굴욕,0,1
익살꾼,1,0
해학적인,1,0
직감,0,1
배고픈,0,1
사냥꾼,0,1
수렵,0,1
만세,1,0
허리케인,0,1
상처,0,1
상처가나는,0,1
조용하게하다,1,0
활동가,0,1
오두막,1,0
히드라,0,1
뇌수종,0,1
찬송가,1,0
마약중독,0,1
위선,0,1
위선자,0,1
히스테리,0,1
히스테리성의,0,1
이상주의,1,0
바보같은,0,1
유동바퀴,0,1
우상,1,0
사신숭배,0,1
무지,0,1
무식한,0,1
불법,0,1
위법,0,1
읽기어려운,0,1
사생아의,0,1
불법의,0,1
읽고쓸줄모르는,0,1
병고,0,1
비논리적인,0,1
조명,1,0
상상력이풍부한,1,0
모방한,0,1
모방,0,1
더럽지않은,1,0
미성숙한,0,1
미숙,0,1
잠그다,1,0
부도덕한,0,1
부도덕,0,1
죽지않는,1,0
손상시키다,0,1
손상,0,1
전하다,1,0
공평한,1,0
불편부당,1,0
지나갈수없는,0,1
조바심,0,1
참을성없는,0,1
문제삼다,0,1
탄핵,0,1
방해하다,0,1
불완전,0,1
불완전하게,0,1
명의를도용하다,0,1
인격화,0,1
통하지않는,1,0
달래기어려운,0,1
얽히게하다,0,1
중대한,1,0
속이기,0,1
불가능한,0,1
무력,0,1
무력한,0,1
우리안에가두다,0,1
실행불가능한,0,1
날인,1,0
인상,1,0
투옥하다,0,1
투옥된,0,1
투옥,0,1
부적당,0,1
개선된,1,0
개선,1,0
즉석에서연주하다,1,0
경솔한,0,1
불결,0,1
돌리기,0,1
할수없음,0,1
접근할수없는,0,1
부정확한,0,1
활동하지않은,0,1
비활동,0,1
부적절한,0,1
허용할수없는,0,1
양도할수없는,1,0
응용할수없는,0,1
알아들을수없는,0,1
취임,1,0
무능력,0,1
감금,0,1
...을넣다,0,1
방화범,0,1
향,0,1
간단없는,0,1
근친상간,0,1
근친상간의,0,1
소각,0,1
예리한,1,0
선동하다,0,1
험악한,0,1
포함,1,0
포함된,1,0
포함한,1,0
일관성없는,0,1
양립할수없는,0,1
무능한,0,1
이해할수없는,0,1
부조리한,0,1
대수롭지않은,0,1
배려하다,0,1
불편한,0,1
증가하다,1,0
쉽게믿지않는,0,1
부당한대우,0,1
입다,0,1
불치의,0,1
침입,0,1
외설스러운,0,1
우유부단,0,1
우유부단한,0,1
지키기어려운,0,1
지울수없는,1,0
배상하다,0,1
보장,1,0
계약서,0,1
독립,1,0
불멸의,1,0
불확정의,0,1
기소하다,0,1
기소,0,1
무관심,0,1
가난한,0,1
분개하다,0,1
분개,0,1
불분명한,0,1
개성,1,0
주입,0,1
나태한,0,1
굽히지않는,1,0
말로표현할수없는,1,0
효과적인,0,1
비효율,0,1
부적당한,0,1
불평등,0,1
불공정한,0,1
용서가없는,0,1
경험이없는,0,1
설명할수없는,0,1
틀림없는,1,0
유아,1,0
유아살해,0,1
유아같은,0,1
경색,0,1
감염시키다,0,1
감염,0,1
전염성의,0,1
밑에붙이는,0,1
하위,0,1
불모,0,1
신앙심없는사람,0,1
무한의,1,0
무한대,1,0
약한,0,1
허약,0,1
염증,0,1
부풀어오른,0,1
인플레이션,0,1
가하다,0,1
가함,0,1
힘있는,1,0
인플루엔자,0,1
정보,1,0
정보원,0,1
드물게,0,1
계승,1,0
억제하다,0,1
비인간적인,0,1
몰인정,0,1
반하는,0,1
흉내낼수없는,1,0
해치다,0,1
다쳐서,0,1
유해한,0,1
부당,0,1
동거인,0,1
무죄,1,0
순진한,1,0
무심코,1,0
무해한,1,0
받아들여쓰다,1,0
혁신,1,0
작동불능의,0,1
탐구자,1,0
알고싶어하는,1,0
미친것같은,0,1
광기,0,1
불안정한,0,1
불안정,0,1
나눌수없는,1,0
휘장,1,0
의미없는,0,1
건방진,0,1
지불불능,0,1
부실,0,1
검사관,1,0
일으키게하다,1,0
영감을얻은,1,0
선동,0,1
본능적인,1,0
지시하다,1,0
교수,1,0
강사,1,0
조격,1,0
불충분,0,1
부족한,0,1
불충분하게,0,1
모욕하는,0,1
폭도,0,1
넘을수없는,0,1
폭동,0,1
손대지않은,1,0
청렴,1,0
지력,1,0
지적인,1,0
지성,1,0
예정된,1,0
중간,0,1
교통,1,0
관심,1,0
관심있는,1,0
간섭,0,1
막간,1,0
개입,0,1
일시정지,0,1
중단된,0,1
유언없는사망자,0,1
친밀한,1,0
협박하다,0,1
위협,0,1
참을수없는,0,1
견딜수없기,0,1
편협한,0,1
인토네이션,1,0
술에취한,0,1
용맹한,1,0
침입자,0,1
강요,0,1
관입하는,0,1
직관,1,0
직관적인,1,0
침략하다,0,1
무효화,0,1
무효,0,1
변함없이,1,0
독창적인,1,0
발명자,1,0
기운을북돋우다,1,0
초대,1,0
초대하다,1,0
무의식의,0,1
침을뱉다,0,1
철,1,0
비이성적인,0,1
비합리적인,0,1
화해할수없는,0,1
줄일수없는,1,0
반박할수없는,1,0
불규칙한,0,1
불규칙,0,1
무의미한,0,1
돌이킬수없는,0,1
책임지지않는,0,1
불경스런,0,1
취소할수없는,0,1
과민반응,0,1
민감한,0,1
화나게하는,0,1
짜증나게하는것,0,1
외딴,0,1
격리,0,1
재잘거림,0,1
공동자금,1,0
잼,1,0
특수용어,0,1
부조화,0,1
황달,0,1
질투심많은,0,1
질투,0,1
위태롭게하다,0,1
남자,0,1
어울리다,1,0
합류한,1,0
조커,1,0
여행,1,0
경쾌한,1,0
기뻐하는,1,0
사법의,1,0
현명한,1,0
뒤범벅,0,1
도약,1,0
정크,0,1
정당화,1,0
시야,1,0
장식꼬리,0,1
기조,1,0
요지,1,0
발차기,0,1
채가다,0,1
죽이다,0,1
죽이는,0,1
종류,1,0
친절,1,0
왕,1,0
연,0,1
고양이새끼,1,0
종소리,0,1
매듭이있는,0,1
앎,1,0
지식,1,0
노동,1,0
곤란한,0,1
힘드는,0,1
미궁,0,1
결핍,0,1
묽은,0,1
짐을실은,0,1
보온재,0,1
양고기,1,0
비탄,0,1
땅,1,0
착륙,1,0
산사태,0,1
노곤한,0,1
시들다,0,1
쇠약해지는,0,1
경과,0,1
절도죄,0,1
원자램프,1,0
속눈썹,0,1
늦은,0,1
늦음,0,1
숨어있는,0,1
칭찬할만한,1,0
웃음,1,0
우스운,0,1
수상자,1,0
용암,0,1
적법한,1,0
무법,0,1
소송,0,1
느슨한,0,1
완하제,0,1
리드,1,0
리더,1,0
리그,1,0
새는곳,0,1
누출,0,1
새는,0,1
배우다,1,0
배우기,1,0
휴가,0,1
거머리,0,1
여지,1,0
합법화된,1,0
전설의,1,0
읽기쉬움,1,0
읽기쉬운,1,0
여가,1,0
여유있는,1,0
보조정리,1,0
레몬,0,1
허술한,1,0
나병,0,1
레즈비언,0,1
적게하다,0,1
보다작은,0,1
교훈,1,0
문자그대로의,1,0
백혈병,0,1
수평,1,0
부과,0,1
음란한,0,1
연락,0,1
거짓말쟁이,0,1
명예훼손죄,0,1
자유롭게하다,1,0
도서관,1,0
핥기,0,1
생피,1,0
생명이없는,0,1
등대,1,0
절름발이,0,1
언어학자,1,0
보푸라기,0,1
분비액,0,1
유연한,1,0
소송당사자,0,1
소송하다,0,1
소송중인,0,1
선명한,0,1
로퍼,0,1
기분나쁜,0,1
로비스트,0,1
고상한,0,1
논리적인,1,0
외로움,0,1
장수,1,0
직조기,0,1
아비,0,1
미치광이,0,1
각하,1,0
잃다,0,1
지는,0,1
손실,0,1
잃어버린,0,1
큰소리,0,1
라운지,0,1
이,0,1
사랑스러운,1,0
연인,1,0
사랑하는,1,0
보다낮은,0,1
저하,0,1
가장낮은,0,1
저지대,0,1
충성스러운,1,0
충의,1,0
운이좋은,1,0
쑥스러운,0,1
벌목하는,0,1
울퉁불퉁한,0,1
전광,0,1
궁상,0,1
어쩐지기분나쁜,0,1
밀행,0,1
감미로운,1,0
색욕,0,1
원기왕성한,0,1
울창한,1,0
호화로운,1,0
사치,1,0
거짓말하는,0,1
사형,0,1
거문고,1,0
서정적인,1,0
메이스,0,1
미치게하다,0,1
광인,0,1
마피아,0,1
마법같은,1,0
자석,1,0
자기,1,0
자철광,1,0
웅대,1,0
본관,1,0
대대적인,1,0
위엄,1,0
과반수,1,0
임시변통,0,1
말라리아,0,1
악의있는,0,1
부정행위,0,1
보기흉한것,0,1
강한악의,0,1
부정요법,0,1
꾸리다,1,0
조치,1,0
의무,0,1
만다린오렌지,1,0
압착롤러,0,1
광적인,0,1
명시된,1,0
교묘히다루다,0,1
시장조작,0,1
사내다운,1,0
만나,1,0
제조자,1,0
비료,0,1
마르,0,1
행진,1,0
여유,0,1
두드러진,1,0
시장성이있는,1,0
적갈색,0,1
후작,1,0
결혼,1,0
골수,1,0
육군원수,1,0
마틴게일,0,1
순교자,0,1
순교,0,1
놀라운일,1,0
기이,1,0
남성명사,1,0
마조히즘,0,1
마사지,1,0
석사,1,0
걸작,1,0
항해사,1,0
유물론,0,1
유물론자,0,1
기혼여성,1,0
최고,1,0
목초지,1,0
사행,0,1
흥역,0,1
정확히잰,1,0
메달,1,0
간섭하다,0,1
의료,1,0
평범,0,1
지중해,1,0
그러모은,1,0
우울증의,0,1
난투,0,1
멜로드라마,0,1
기념물,1,0
기억에남는,1,0
협박하는,0,1
월경,1,0
멘토르,1,0
용병,0,1
무자비한,0,1
자비,1,0
병합하다,1,0
장점,1,0
가치있는,1,0
명랑한소동,1,0
명랑한,1,0
음식물,0,1
어질러놓은,0,1
전이,0,1
메탄올,0,1
현미경사용,1,0
산파술,1,0
곰팡이,0,1
시민군,0,1
몸짓광대극,1,0
흉내,0,1
주의깊은,1,0
마음가짐,1,0
최소화하다,0,1
최저한의,0,1
기적,1,0
기적적,1,0
환락,1,0
버릇없음,0,1
장난스러운,0,1
오인,0,1
딱한,0,1
비참하게,0,1
불행,0,1
잘못인도된,0,1
오해,0,1
오도​​된,0,1
그릇된관리,0,1
그릇된명칭,0,1
잘못두다,0,1
잘못배치된,0,1
잘못전하다,0,1
와전,0,1
허위진술된,0,1
있어야할곳에없는,0,1
전도사,1,0
그릇된진술,0,1
잘못,0,1
오해하다,0,1
오용,0,1
잔돈,0,1
조롱,0,1
모델,1,0
보통의,1,0
중재자,1,0
기세,1,0
화폐의,1,0
돈,1,0
수도사,1,0
단색화,0,1
독점자,0,1
우기,0,1
괴물,0,1
기괴,0,1
무트,0,1
도덕,1,0
수신,1,0
병적인,0,1
병적상태,0,1
죽은사람,0,1
돈독한,0,1
독소,0,1
모르타르,1,0
고행,0,1
시체임시안치소,0,1
모기,0,1
동기,1,0
애도하다,0,1
움직일수있는,1,0
발동력,1,0
진흙,0,1
혼란스러워하는,0,1
노새,0,1
침묵,0,1
우물우물쭈물하다,0,1
유행성이하선염,0,1
살인자,0,1
살인적인,0,1
근육질의,1,0
음악,1,0
뮤지컬,1,0
곰팡내나는,0,1
돌연변이,0,1
절단된,0,1
상호,1,0
포구,0,1
근시,0,1
붙잡다,0,1
최하점,0,1
소박한,0,1
이름이없는,0,1
마약,0,1
추잡한,0,1
자연주의자,1,0
못된,0,1
구역질,0,1
메스꺼움,0,1
항해가능한,1,0
깔끔하게,1,0
넥타,1,0
필요한,0,1
바늘,1,0
아주가난한,0,1
방치된,0,1
태만한,0,1
협상하다,1,0
흑인,0,1
이웃사람,1,0
친척편중,0,1
신경이상,1,0
강한,0,1
기분좋게눕다,1,0
쐐기풀,0,1
신경통,0,1
신경증,0,1
신경증환자,0,1
니코틴,0,1
검둥이,0,1
악몽,0,1
허무주의,0,1
소음,0,1
시끄러운,0,1
지명,1,0
무의미한말,0,1
주목할만한,1,0
명사,1,0
개념,1,0
자양물,1,0
폐가되는행위,0,1
마비된,0,1
얼어서고움,0,1
간호사,1,0
양식장,1,0
양육,1,0
영양가있는,1,0
기형아,0,1
참나무,1,0
오아시스,1,0
맹세,1,0
뚱뚱한,0,1
오비,0,1
사망기사,0,1
괘씸한,0,1
용의주의,0,1
기꺼이남을돌봐주는,1,0
말살하다,0,1
말살된,0,1
말살,0,1
망각,0,1
장애물,0,1
막다,0,1
폐쇄적인,0,1
얻을수있는,1,0
점유자,1,0
점령하다,1,0
괴벽,0,1
추악한,0,1
냄새,0,1
긁다,0,1
제공,1,0
아무렇게나,0,1
장교,1,0
난바다,0,1
오프셋,1,0
파생물,1,0
오우거,0,1
후각의,0,1
과두정치,0,1
전조,0,1
불길한,0,1
생략하다,0,1
전지전능한,1,0
번거로운,0,1
무거운짐,0,1
불투명체,0,1
개방상태,1,0
오페라,1,0
아편제,0,1
고의적인,0,1
아편,0,1
상대,0,1
대들다,0,1
반대하는,0,1
압박,0,1
억압적인,0,1
압제자,0,1
낙천주의,1,0
낙천주의자,1,0
선택권,1,0
선택과목,1,0
신탁,1,0
연설,1,0
오크,0,1
오케스트라,1,0
안수받은,1,0
지독한시련,0,1
안수식,1,0
병기,0,1
조직,1,0
조직된,1,0
오르가슴,1,0
독창,1,0
표면상으로,0,1
쫓아내다,0,1
항의,0,1
능가하다,1,0
옥외변소,0,1
이국풍의,0,1
무법자,0,1
대인기,0,1
뽐내는,0,1
너무무거운짐,0,1
지나치게하다,0,1
과용하다,0,1
연체된,0,1
과대평가된,0,1
너무크게자란,0,1
기뻤던,1,0
초과적재,0,1
초과지불,0,1
지우다,0,1
압도하는,0,1
고가의,0,1
감시,0,1
타도,0,1
전복,0,1
압도하다,0,1
압도당한,0,1
압도적인,1,0
빚지고있는,0,1
소유권,1,0
산화,0,1
태평양,1,0
인주,1,0
심,1,0
외륜,1,0
고통받는,0,1
아픈,0,1
고통스럽게,0,1
고생,0,1
완화제,1,0
바람,0,1
만병통치약,1,0
깃털장식,1,0
세계적유행병,0,1
파프리카,1,0
마비,0,1
최고의,1,0
편집병,0,1
기생물,0,1
용서,1,0
태어남,1,0
정수리,1,0
앵무새,0,1
지극히검소한,0,1
함께하다,1,0
참여,1,0
도당,0,1
파트너,1,0
수동태,0,1
수동성,0,1
오락,1,0
패스트리,1,0
목장,1,0
반점,0,1
서투른,0,1
환자,1,0
족장시대의,1,0
극빈자,0,1
폰,0,1
복수,0,1
평화,1,0
평화로운,1,0
펙,1,0
특질,1,0
보행자,0,1
비길데없는,1,0
형벌,0,1
패널티,0,1
지각하다,1,0
지각할수있는,1,0
파멸,0,1
다년생의,1,0
완전,1,0
수행자,1,0
몹시괴롭히다,0,1
부패하기쉬운,0,1
멸망한,0,1
죽는,0,1
위증,0,1
여과기,1,0
범인,0,1
영구화,0,1
영속,1,0
난처한,0,1
박해하다,0,1
박해,0,1
지속성있는,1,0
섭동,0,1
백일해,0,1
곡해,0,1
나쁜길로이끌다,0,1
이상의,0,1
염세주의,0,1
비관론자,0,1
해충,0,1
역병,0,1
착한애,0,1
자그마한,0,1
환상,0,1
제약,1,0
박애주의자,1,0
박애,1,0
철학자,1,0
담,0,1
피닉스,1,0
소리나는,1,0
위조품,0,1
내과의사,1,0
물리학,1,0
생리학,1,0
피켓,0,1
피켓팅,0,1
간물,0,1
피크닉,1,0
그림같은,1,0
경건,1,0
알약,1,0
베개,1,0
조종사,1,0
뚜쟁이,0,1
여드름,0,1
소나무,0,1
날개,0,1
작은첨탑,1,0
개척자,1,0
돋우다,0,1
불법복제,0,1
권총,0,1
함정,0,1
피벗,1,0
표절,0,1
도금된,0,1
플레이어,0,1
장난이심하다,1,0
운동장,1,0
극장,1,0
항변,0,1
쾌적한,1,0
기쁘게생각한,1,0
서약,1,0
풍성한,1,0
상태,0,1
넘겨주기,0,1
자두,1,0
추,1,0
돌진,0,1
봉제인,1,0
폐렴,0,1
밀렵,0,1
뾰족하게,1,0
중독된,0,1
중독,0,1
찌름,0,1
경찰,1,0
경관,1,0
소아마비,0,1
공손,1,0
일부다처제,0,1
화려하다,0,1
매우무거운,0,1
신통치않게,0,1
팝,0,1
로마교황,1,0
인기,1,0
대중화된,1,0
인구,1,0
호저,0,1
포르노,0,1
춘화,0,1
가지고다닐수있는,1,0
자세,0,1
소유한,0,1
사후의,0,1
음료수,1,0
파운드,0,1
가난,0,1
강력하게,1,0
연습,1,0
연습한,1,0
칭찬,1,0
칭찬받는,1,0
기특한,1,0
믿을수없는,0,1
예방법,1,0
앞서다,1,0
상위,1,0
구내,0,1
귀한,1,0
약탈적인,0,1
탁월한,1,0
취하다,1,0
편견,0,1
편견을가진,0,1
미리생각한,0,1
수상,1,0
가옥,1,0
준비하다,1,0
준비된,1,0
미리아는,1,0
표현할수있는,1,0
대통령,1,0
압력,0,1
프레스토악장,1,0
체하다,0,1
예쁜,1,0
흐르다,1,0
아주재미있는,1,0
가시가있는,0,1
자부심,1,0
사제직,1,0
사제로,1,0
제일,1,0
뇌관,1,0
왕자,1,0
왕자다운,1,0
공주님,1,0
감옥,0,1
죄인,0,1
특권이있는,1,0
확증,1,0
순서,1,0
신동,1,0
생산자,1,0
생산,1,0
생산적인,1,0
모독하는,0,1
욕설,0,1
직업적인,1,0
진보적인,1,0
다작의,1,0
두드러지게,1,0
난잡한,0,1
승진,1,0
소품,1,0
선전,0,1
예방의,1,0
제안,1,0
전망,1,0
번영하다,1,0
번영,1,0
번영하는,1,0
매춘,0,1
보호적인,1,0
교만한,1,0
알다,1,0
~을제공하다,1,0
제공하는,1,0
성나게하기,0,1
자극하는,0,1
사려분별,1,0
캐내다,0,1
엿보는,0,1
정신병,0,1
공공의,1,0
홍보담당자,0,1
설교단,1,0
펀치,0,1
시간을정하다,1,0
시간엄수,1,0
날카로운,0,1
벌하다,0,1
처벌된,0,1
처벌하는,0,1
처벌,0,1
징벌적,0,1
강아지,1,0
전혀,1,0
연옥,0,1
숙청,0,1
정화,1,0
정화하다,1,0
순정주의자,1,0
청정,1,0
푸르르,1,0
고름,0,1
돌팔이의사,0,1
소택지,0,1
메추라기,0,1
기이한,1,0
자격있는,1,0
자격을주는,1,0
찌그러뜨리다,0,1
진압하다,0,1
탐구,1,0
수은,0,1
조용한,1,0
퀴닌,1,0
떠나다,0,1
떨림,0,1
떨리는,0,1
놀리다,0,1
어지러운,0,1
광견병,0,1
라켓,0,1
발광,1,0
광점,1,0
방사하다,1,0
라디오,1,0
방사성의,0,1
라돈,0,1
누더기,0,1
급습,0,1
레일,0,1
램,0,1
날뛰다,0,1
썩은냄새,0,1
몸값,0,1
강간,0,1
맹금류,0,1
황홀경,1,0
악당,0,1
발진,0,1
이성적인,1,0
소란스러운,0,1
게걸스러운,0,1
미쳐날뛰는,0,1
반동적인,0,1
손쉽게,1,0
재확인하다,1,0
레알,1,0
후방,0,1
이유,1,0
안심,1,0
안심시키다,1,0
반역자,0,1
견책,0,1
반박하다,0,1
고집불통,0,1
개주,1,0
받은,1,0
전수,1,0
경기후퇴,0,1
상습적범행,0,1
보답하다,1,0
무모한,0,1
...에기대다,1,0
확인할수있는,1,0
재고,1,0
재건,1,0
기록계,1,0
회복,1,0
휴양,1,0
레크리에이션,1,0
교정하다,1,0
구속,1,0
정제,1,0
환류,0,1
개혁가,1,0
내화물질,0,1
다시닦다,1,0
거절,0,1
폐물,0,1
거절한,0,1
리갈,1,0
섭정,1,0
퇴보,0,1
유감,0,1
유감스러운,0,1
후회하는,0,1
정격,1,0
규제하다,1,0
규정하는,0,1
복권,1,0
반제,1,0
보강,1,0
복직시키다,1,0
받지않다,0,1
거부된,0,1
배제,0,1
거부하다,0,1
기쁘게하다,1,0
젊어지게하다,1,0
젊어지게하는,1,0
재발,0,1
좌천,0,1
관련된,1,0
신뢰할수있음,1,0
신뢰,1,0
포기하다,0,1
다시만들다,1,0
반송,0,1
치료의,0,1
치료제,1,0
리모델링하다,1,0
자책감,0,1
르네상스,1,0
배신자,0,1
갱신,1,0
새롭게하다,1,0
재구성하다,1,0
배상,1,0
갚다,1,0
싫은,0,1
격퇴하는,0,1
회개하다,1,0
다시채우다,1,0
보고자,1,0
휴식,1,0
표현된,1,0
억제,0,1
재판,0,1
보복,0,1
치욕,0,1
공화국,0,1
반발,0,1
평판이좋은,1,0
화내다,0,1
분개한,0,1
원한,0,1
비축,1,0
사임하다,0,1
사직,0,1
사임한,0,1
저항,0,1
저항하는,0,1
자원,1,0
존경,1,0
인습적예절,1,0
존중하는,1,0
책임있는,1,0
반응이빠른,1,0
평안한,1,0
강장제,1,0
복원중,1,0
제지하다,0,1
제지,1,0
얽매다,0,1
제한적인,0,1
재개,1,0
보복하다,0,1
앙갚음,0,1
보복적인,0,1
지체,0,1
말이없는,0,1
레토르트,0,1
쑥들어가게하다,0,1
역행의,0,1
재결합,1,0
술잔치,1,0
계시,1,0
숭배하다,1,0
숭경,1,0
반전,0,1
개정하다,1,0
반란,0,1
반란군,0,1
혁명적인,1,0
리볼버,0,1
격변,0,1
류머티즘,0,1
리드미칼한,1,0
리본,1,0
풍요,1,0
구루병,0,1
수수께끼의,0,1
타는사람,1,0
조소,0,1
대량의,0,1
바르게,1,0
엄격한,0,1
엄격,0,1
엄밀,0,1
엄밀한,0,1
둘러싼사람,0,1
폭동의,0,1
익은,1,0
익히다,1,0
답답해하는,1,0
로드스터,1,0
털다,0,1
록,1,0
막대,1,0
들떠떠들어대는,1,0
로맨스,1,0
낭만적인,1,0
낭만주의,1,0
사기꾼,0,1
뿌리박은,1,0
썩음,0,1
로타,1,0
썩어가는,0,1
거,0,1
루틴,1,0
잘싸우는사람,0,1
왕족,1,0
물결,0,1
망가진,0,1
파멸적인,0,1
소문,0,1
파열,0,1
녹,0,1
녹슨,0,1
룻,1,0
사보타주,0,1
희생,0,1
슬프게도,0,1
비애,0,1
안전한,1,0
세이지,1,0
성자,1,0
봉급,1,0
현저한,1,0
경례,1,0
구원,1,0
고약,1,0
사무라이,1,0
신성화,1,0
거룩하게하다,1,0
성역,1,0
붉은크레용,1,0
위생적인,1,0
수액,0,1
육종,0,1
냉소적,0,1
공단,1,0
잘,1,0
만족한,1,0
야만상태,0,1
저금,1,0
짭짤한,1,0
실제적지식,1,0
딱지,0,1
발판,0,1
메스,0,1
벗겨져떨어지는,0,1
스캔들,0,1
속죄염소,0,1
흉터,0,1
공황,0,1
찾아헤매다,0,1
정신분열증,0,1
좌골신경통,0,1
과학적,1,0
과학자,1,0
비웃다,0,1
꾸짖다,0,1
꾸지람,0,1
스코치위스키,0,1
채찍,0,1
스크램블링,0,1
스크래피,0,1
비명,0,1
외침,0,1
진한럼주,0,1
나사로죈,0,1
스크럼,0,1
스크립트,1,0
북북문질러닦기,0,1
자세히보다,0,1
정밀한조사,0,1
바다,1,0
봉인,1,0
잘마른,1,0
탈퇴,0,1
사무국,1,0
분비,0,1
비밀스런,0,1
종파적인,0,1
추기다,0,1
분리하다,0,1
이기적인,0,1
이기주의,0,1
선임순위,1,0
감수성,1,0
현명하게,1,0
호색,1,0
감각적인,1,0
감상적인,1,0
감성,1,0
보초,1,0
분리파,0,1
부패물,0,1
뱀,0,1
혈청,1,0
서브,0,1
노예같은,0,1
예속,0,1
세틀러,1,0
끊다,0,1
하수오물,0,1
하수설비,0,1
섹스,1,0
초라한,0,1
오두막집,0,1
그늘진,0,1
흔들리는,0,1
도살장,0,1
부끄러움,0,1
부끄러운,0,1
뻔뻔한,0,1
상하이,0,1
모양,1,0
매끈한,1,0
상어,0,1
흘리다,0,1
피난처,1,0
선반에놓인,0,1
목자,1,0
난파선,0,1
똥,0,1
떨다,0,1
재생모직물,0,1
사격,0,1
촬영,0,1
좀도둑,0,1
쇼핑,1,0
샷,0,1
어깨,1,0
지지,0,1
수축된,0,1
전율,0,1
고약한,0,1
병들게하는,0,1
병난,0,1
실크,1,0
단순화하다,1,0
성실,1,0
죄가많은,0,1
노래,1,0
하나씩,1,0
죄를짓는,0,1
경,1,0
사이렌,0,1
여성단체,1,0
개략적인,0,1
활재,0,1
숙련된,1,0
잘만들어진,1,0
작은접전,0,1
느슨하게,0,1
광재,0,1
중상한,0,1
찰싹,0,1
슬레이트,1,0
학살,0,1
도살,0,1
노예제도,0,1
몹시웃기다,0,1
살해자,0,1
매끄러운,1,0
진눈깨비,0,1
달차지못한새끼,0,1
슬립,0,1
묽고싱거운,0,1
나태,0,1
허물,0,1
강타,0,1
부진한,0,1
빈민굴,0,1
슬럼프,0,1
윤활유,0,1
작은,0,1
스매시,0,1
박살내는,0,1
흩어지는,0,1
냄새가나는,0,1
미소,1,0
웃고있는,1,0
능글맞은웃음,0,1
세게맞은,1,0
흡연자,0,1
매끈함,1,0
연기내는것,0,1
더러움,0,1
잘난체하는,0,1
밀수입하다,0,1
밀수선,0,1
밀수입,0,1
흑수병,0,1
가지그루터기,0,1
올무,0,1
혼수상태의,0,1
몰래움직이는,0,1
재채기,0,1
낄낄웃음,1,0
속물,0,1
침액,0,1
맑은정신,1,0
간친회,1,0
사회주의자,0,1
흙,0,1
위안,1,0
고체,1,0
해결책,1,0
용해력,1,0
신체의,0,1
침울한,0,1
소나,1,0
소나타,1,0
소네트,1,0
격조높은,1,0
그을음,0,1
달래는,1,0
쓰림,0,1
슬픔,0,1
슬프게하는,0,1
영혼이없는,0,1
소울메이트,0,1
수프,1,0
사워,0,1
온천,1,0
발바리,1,0
찰싹때리기,0,1
경련,0,1
작은얼룩,0,1
유령같은,0,1
철자,1,0
지출하다,0,1
기미,1,0
노처녀,0,1
주정,1,0
짓궂은,0,1
화려,1,0
스플릿,0,1
겁탈자,0,1
살,0,1
스펀지,0,1
스폰서,1,0
티없는,1,0
삠,0,1
주연,0,1
가문비,1,0
가짜의,0,1
돌풍,0,1
쪼그리고앉는사람,0,1
끽소리못하게함,0,1
질주하다,0,1
비틀거리는,0,1
흐르지않는,0,1
스테인리스,1,0
탁한,0,1
줄기,0,1
종마,1,0
매우충실한,1,0
내구력,1,0
서있는,1,0
교착상태,0,1
별,1,0
쳐다보는,0,1
뚜렷한,0,1
별빛,1,0
별이빛나는,1,0
펄쩍뛸만한놀람,0,1
굶주린,0,1
굶주리는,0,1
성명서,1,0
변화없는,0,1
지위,1,0
통널,0,1
확고부동한,1,0
훔침,0,1
스테레오,0,1
고정관념의,0,1
멸균된,0,1
불임,0,1
청지기,1,0
딱딱한,0,1
단단함,0,1
억눌린,0,1
오명,0,1
사산,0,1
고요함,1,0
쏘는,0,1
적은,0,1
악취,0,1
악취가나는,0,1
주식,0,1
훔친,0,1
돌,0,1
변,0,1
폭풍,0,1
폭풍우같은,0,1
똑바로,1,0
팽팽한,0,1
해협,0,1
좌초된,0,1
낯선사람,0,1
목을졸라매다,0,1
전략적,1,0
전략가,1,0
강하게하는것,1,0
스트레스,0,1
스트라이크,0,1
치는,1,0
줄무늬,0,1
박탈된,0,1
행정,0,1
강하게,1,0
뒤를젖히고걷다,0,1
지저분한,0,1
채이기,0,1
기절한,0,1
우둔,0,1
무감각,0,1
다래끼,0,1
누르다,0,1
제목,0,1
복종한,0,1
진압,0,1
승화,1,0
부하,0,1
소환장,0,1
침하,0,1
보조금,0,1
생계를유지하다,0,1
실사,1,0
성공하다,1,0
성공하는,1,0
성공,1,0
성공한,1,0
간결,1,0
굴복하다,0,1
빨다,0,1
빨판,0,1
고소하다,0,1
참다,0,1
괴로워하는사람,0,1
괴로움,0,1
충분,1,0
질식시키는,0,1
질식,0,1
설탕,1,0
자살적인,0,1
자살,0,1
적당한,1,0
음산한,0,1
침몰한,0,1
맑은,1,0
피상적인,0,1
초인간적인,1,0
우월,1,0
초인,1,0
슈퍼스타,1,0
미신적인,0,1
간청,1,0
용품,1,0
공급,1,0
지원되는,1,0
서포터,1,0
지원,1,0
억압,0,1
부가요금,0,1
추량,1,0
항복,0,1
항복하는,0,1
생존하다,1,0
용의자,0,1
현탁,0,1
의혹,0,1
자루걸레,0,1
늪,0,1
만자,0,1
단맛,1,0
과자,1,0
팽윤,0,1
통음,0,1
수영,1,0
대칭,1,0
교감신경,1,0
교향곡,1,0
징후,0,1
동기화하다,1,0
졸도,0,1
시너지효과가있는,1,0
총회,1,0
금기,0,1
재능,1,0
얽힌,0,1
검게그을린,1,0
더딘,0,1
관세,0,1
체재,0,1
태스크,1,0
멋을아는,1,0
세,0,1
가르치다,1,0
볶다,0,1
놀리는,0,1
과학기술,1,0
단련된,1,0
대소동,0,1
유지할수있는,1,0
끈기있는,1,0
차용,1,0
유연함,1,0
단말기,0,1
흰개미,0,1
테러,0,1
테러리스트,0,1
겁먹게하다,0,1
파상풍,0,1
밧줄,0,1
감사하는,1,0
추수감사절,1,0
유신론,0,1
신탁의,0,1
이론적인,1,0
학의,1,0
치료학,1,0
도둑,0,1
물기없는,0,1
인정있는,1,0
인정없는,0,1
뒹굴다,0,1
위협하다,0,1
스릴,1,0
번성하는,1,0
왕좌,1,0
조절판,0,1
자객,0,1
때림,0,1
우뢰같은,0,1
간지럼,1,0
사소한말다툼,0,1
기와,1,0
때마침,1,0
소심한,0,1
소심,0,1
싸고야한것,1,0
기운,0,1
장황한연설,0,1
피로감,0,1
귀찮은,0,1
두꺼비,0,1
토스트,1,0
수고하다,0,1
치통,0,1
상단,1,0
찢어진,0,1
수뢰,0,1
사범,0,1
만진,0,1
다루기어려운,0,1
강인한,0,1
인성,1,0
높이솟은,1,0
유독한,0,1
비극,0,1
도보여행가,0,1
황홀,0,1
초월,1,0
트랩,0,1
쓰레기같은,0,1
외상성의,0,1
희한한,0,1
배반,0,1
반역,0,1
보물,1,0
나무,1,0
간난,0,1
지류,1,0
공물,1,0
속임수,0,1
하찮은것,0,1
삼각,1,0
걸려넘어지는,0,1
승리,1,0
트롤,0,1
트로피,1,0
휴전,1,0
참된,1,0
트럼펫,0,1
진실,1,0
박진성,1,0
공중제비,0,1
종양,0,1
소란,0,1
난류,0,1
격동의,0,1
눈빛,1,0
태풍,0,1
폭군의,0,1
포학,0,1
폭군,0,1
추함,0,1
추한,0,1
궤양,0,1
앞쪽의,0,1
궁극적으로,1,0
최후통첩,0,1
판정자,1,0
할수없는,0,1
용납될수없는,0,1
만장일치의,1,0
붙어있지않은,0,1
얻기어려운,0,1
매력없는,0,1
무단의,0,1
피하기어려운,0,1
알지못하는,0,1
견딜수없는,0,1
불신앙,0,1
아직태어나지않은,0,1
깨지지않는,1,0
꺾이지않은,1,0
섬뜩한,0,1
불확실한,0,1
변할수없는,0,1
앉기불편한,0,1
비양심적인,0,1
무의식,0,1
위헌,0,1
무제한의,1,0
제어할수없는,0,1
억제되지않은,0,1
결정되지않은,0,1
밑줄,1,0
훼손된,0,1
급여가부족한,0,1
크기가작은,0,1
인수하다,1,0
탐탁지않은,0,1
원하지않는,0,1
끄르다,0,1
불안,0,1
교육을받지않은,0,1
한가한,0,1
같지않은,0,1
명백하게,1,0
고르지않은,0,1
불공정,0,1
불공평,0,1
불충실한,0,1
다듬지않은,0,1
펴다,1,0
용서를주지않는,0,1
불행한사람,0,1
완성되지않은,0,1
가구가없는,0,1
신앙심없는,0,1
일한보람없는,0,1
불행한,0,1
건강에해로운,0,1
균일하게,1,0
인상적이지않은,0,1
개선되지않은,0,1
감염되지않은,1,0
지식이없는,0,1
초급의,0,1
영감없는,0,1
무의식적으로,0,1
무관심한,0,1
시시한,0,1
일원,1,0
단합된,1,0
대학,1,0
부당한,0,1
정당하지못한,0,1
정당하지않은,0,1
불친절한,0,1
무면허의,0,1
제한없는,1,0
부자연스러운,0,1
비공식적인,0,1
미납된,0,1
인기없는,0,1
예측할수없는,0,1
준비가되지않은,0,1
비생산적인,0,1
무익한,0,1
보호되지않은,0,1
널리알려지지않은,0,1
나무랄데없는,1,0
문제시되지않는,1,0
신뢰할수없는,0,1
보답없는,0,1
~을,0,1
만족스럽지않은,0,1
만족하지못하는,0,1
상처없는,1,0
사악한,0,1
이기적이아닌,1,0
보기흉한,0,1
섞인것없는,0,1
말하기싫은,0,1
실패한,0,1
지원되지않는,0,1
이겨낼사람없는,1,0
지속할수없는,0,1
동정심없는,0,1
길들이지않는,0,1
지킬수없는,0,1
상상도할수없는,0,1
어수선한,0,1
때아닌,0,1
제목없는,0,1
쓸데없는,0,1
훈련받지않은,0,1
올바르지않은,0,1
믿지못할,0,1
씻지않은,0,1
흔들리지않는,1,0
반갑지않은,0,1
몸이좋지않다,0,1
내키지않는,0,1
지혜없는,0,1
가치없는,0,1
대변동,0,1
융기,1,0
섬게,0,1
긴급한,0,1
유용성,1,0
편치않은,0,1
수위,1,0
빼앗다,0,1
빼앗긴,0,1
고리대금,0,1
유용,1,0
유토피아의,1,0
빈방있음,0,1
백신,1,0
막연한,0,1
애매,0,1
공연히,0,1
흡혈귀,0,1
전위,1,0
사라진,0,1
화장대,0,1
정맥류,0,1
무성의,0,1
벨벳같은,1,0
상호복수,0,1
오래된,1,0
복수심에찬,0,1
독액,0,1
다변,0,1
젊은,1,0
진실로,1,0
진실의,1,0
봄같은,1,0
기백,1,0
재향군인,1,0
거부권,0,1
바이스,0,1
희생자,0,1
희생된,0,1
승리자,1,0
승리의,1,0
자지않고지키는,1,0
마을사람,1,0
악한같은,0,1
옹호된,1,0
복수심있는,0,1
폭력,0,1
맹렬히,0,1
독사같은사람,0,1
처녀,1,0
처녀성,1,0
덕,1,0
덕있는,1,0
독성,0,1
바이러스,0,1
공상가,1,0
방문,1,0
방문객,1,0
활력,1,0
활기있는,1,0
생생한,1,0
빅슨,0,1
휘발성,0,1
화산,0,1
지원자,1,0
부두교,0,1
저속한,0,1
속악,0,1
취약점,0,1
무자비한사람,0,1
와플,0,1
임금,1,0
기다림,0,1
쇠미,0,1
이없이,0,1
전쟁,0,1
파수꾼,0,1
제품,0,1
호전적인,0,1
경고하다,0,1
사마귀,0,1
낭비,0,1
낭비적인,0,1
지키는개,1,0
야경꾼,1,0
방수,1,0
약하게,0,1
입고있다,0,1
비바람에강한,1,0
잡초,0,1
기묘한,0,1
환영했다,1,0
구타,0,1
우는소리,0,1
선풍,0,1
위스키,0,1
화이트,1,0
흼,1,0
사악,0,1
창구,1,0
야생,0,1
살쾡이,0,1
들불,0,1
고집센,0,1
기꺼이,1,0
쾌히하기,1,0
위핌,0,1
질겁,0,1
횡재,1,0
우승자,1,0
위닝,1,0
무선전화,1,0
위스콘신,1,0
지혜,1,0
슬기로운,1,0
마녀,0,1
요술,0,1
버티다,1,0
재치있는,1,0
자궁,1,0
훌륭하게,1,0
놀랄만한,1,0
워드,1,0
벌레,0,1
걱정하는,0,1
보다나쁜,0,1
악화되는,0,1
예배,1,0
가치,1,0
승강이,0,1
난파된,0,1
렌치,0,1
레슬링,0,1
놈,0,1
작가,1,0
악행,0,1
찡그린,0,1
외국인혐오증,0,1
하품소리,0,1
입을크게벌린,0,1
개가깽깽우는소리,0,1
더젊은,1,0
청소년,1,0
열성,1,0
열정적인,1,0
풍미,1,0
지퍼,0,1
